frame_idx,track_id,class_id,class_name,confidence,x1,y1,x2,y2,world_x,world_y,world_z
0,1,0,person,0.8945468068122864,149.42784118652344,139.6122283935547,593.193603515625,479.66802978515625,,,
1,1,0,person,0.8941708207130432,149.12156414933884,140.44092430478716,571.586266053195,479.68458022911943,,,
2,1,0,person,0.9009234309196472,157.0777535107903,141.95236256484924,564.5256139080705,479.68464065762356,,,
3,1,0,person,0.9064579010009766,158.76168079567955,143.15610409600365,559.6300367912035,479.6733775008313,,,
4,1,0,person,0.9073589444160461,160.1440861874,143.69762958569078,557.4502011008253,479.6870232649621,,,
5,1,0,person,0.9140042662620544,164.78047046938087,145.1662295782,558.4896460889386,479.7878619255118,,,
5,2,56,chair,0.2598380744457245,553.453125,449.28271484375,640.0,479.7060546875,,,
6,1,0,person,0.9050232768058777,166.52787884109856,146.0164296144432,560.4061820126105,479.77342920708855,,,
7,1,0,person,0.8997846841812134,166.96300398045057,146.15058532590837,562.1935576167541,479.7418537819802,,,
8,1,0,person,0.8999082446098328,166.01201153835893,146.00898645171276,563.0489975566963,479.72124941179595,,,
9,1,0,person,0.9049235582351685,164.62624871649237,145.82972577074432,563.1295812802599,479.70986729152696,,,
10,1,0,person,0.8849711418151855,163.97775113458832,145.38470430308323,563.7912113581696,479.6403365986497,,,
11,1,0,person,0.8889161944389343,164.4811141064815,144.88232009120202,564.0987953158908,479.65555663566045,,,
12,1,0,person,0.8960332870483398,164.50945891265837,144.66276234959827,564.15111444672,479.6856776738376,,,
13,1,0,person,0.8835508823394775,164.65587877657856,144.11404333912805,564.230838285035,479.7739284404883,,,
14,1,0,person,0.8750491738319397,164.6680527540573,143.5994191021106,563.9965713044098,479.8048877500894,,,
15,1,0,person,0.8881163597106934,163.3566882180753,142.41401827680016,563.5573118132386,479.7358004445702,,,
16,1,0,person,0.885050892829895,164.13713336755464,141.4633551653956,563.8158802969533,479.67442046020824,,,
17,1,0,person,0.9003452062606812,162.40589106075655,141.09657668923307,563.1886077917318,479.68046954272916,,,
18,1,0,person,0.9033282399177551,159.4768292712137,140.92142554018935,563.1997809624635,479.7150162596056,,,
19,1,0,person,0.9008266925811768,156.4531545553837,140.48829053797053,564.6335551849402,479.68077289848225,,,
20,1,0,person,0.9125701785087585,152.55157338490235,140.21899819310593,584.2167741538505,479.696348607447,,,
21,1,0,person,0.9189704656600952,150.47178297794048,140.07962583219927,589.3616361067989,479.75005431074686,,,
22,1,0,person,0.9271030426025391,151.0748639389625,139.05475560694092,613.4450322171555,479.5791703585419,,,
23,1,0,person,0.91928631067276,150.03597290748164,138.1494871479127,631.3547279892285,479.4619101974356,,,
24,1,0,person,0.9271150231361389,151.15727901564676,136.5316304055345,642.6891973844378,479.33178848221047,,,
25,1,0,person,0.9365928769111633,151.40802078272236,135.69150277530207,645.517102976387,479.3356086977343,,,
26,1,0,person,0.9316980838775635,154.20790976352114,135.94865794624337,644.881526793458,479.44342122098993,,,
27,1,0,person,0.9284155964851379,154.650454742682,137.4044546863786,642.8306043731865,479.60393870009045,,,
28,1,0,person,0.9342236518859863,153.8869801053717,138.42440415596886,641.2131247522516,479.6314433557317,,,
29,1,0,person,0.9314189553260803,154.4794566383676,139.36554081028933,640.2778587627811,479.582075028193,,,
30,1,0,person,0.9248969554901123,156.70723571371798,140.63569404949752,640.0731174958554,479.5931756576083,,,
31,1,0,person,0.9170074462890625,161.97535923009846,143.23307028859782,639.0896757164977,479.7419612030984,,,
32,1,0,person,0.9331094026565552,161.41694122938767,144.42396886826884,639.3505312841518,479.66978749726115,,,
33,1,0,person,0.9327150583267212,160.8615394651432,144.09312161312042,639.5846301254894,479.5341493242935,,,
34,1,0,person,0.9151298403739929,160.05905555972097,144.10286175392557,635.7884337381386,479.57704301017,,,
35,1,0,person,0.8934323787689209,157.95879601664933,143.5863449052689,594.3223630151647,479.71238839373143,,,
35,3,56,chair,0.40203598141670227,507.7277526855469,329.3187255859375,639.684814453125,479.4271240234375,,,
36,1,0,person,0.9097944498062134,156.29027654163949,145.40057031540158,597.8223282416276,479.9051983411636,,,
37,1,0,person,0.909474790096283,154.91350687605097,144.23211115280247,597.8070673925209,479.7807774114303,,,
38,1,0,person,0.9076664447784424,153.3460496817198,142.59734387442325,592.2755862531473,479.6896544432552,,,
39,1,0,person,0.9141563773155212,153.52171060004858,143.99040655020315,584.6255692850349,479.8966148403316,,,
39,4,27,tie,0.47183090448379517,351.6864013671875,398.82879638671875,419.01953125,479.6287841796875,,,
40,1,0,person,0.9125863909721375,154.6485230596693,147.78687605406475,582.935713300812,480.15837282733804,,,
40,4,27,tie,0.32061073184013367,325.08445038551366,360.86016159556766,421.8223407461015,478.75661666487895,,,
41,1,0,person,0.9167835712432861,156.9074333778654,150.0609271198153,582.8528770096086,480.0471212618276,,,
42,1,0,person,0.9183971285820007,158.90488215255147,146.71127076580137,581.1930226441211,479.58880324402355,,,
43,1,0,person,0.9148090481758118,161.25356292888648,152.13951342887697,582.2549312385624,479.9298906792043,,,
44,1,0,person,0.9082164764404297,163.87487740053064,151.22510314095337,581.0361342890914,479.65934150465955,,,
45,1,0,person,0.9099539518356323,165.789044388478,152.88051707996456,581.8018822148844,479.7993869363373,,,
46,1,0,person,0.8976886868476868,168.22995595596535,153.5656268047501,577.5914555166567,479.79093148126094,,,
47,1,0,person,0.9032265543937683,169.3472923922456,148.64993472655934,579.4002411897509,479.55231674002914,,,
48,1,0,person,0.917055070400238,156.1965645422386,145.81269881222383,579.88609126083,479.4295822679659,,,
49,1,0,person,0.9003015160560608,134.15084391832582,143.63684794503243,579.2487982493454,479.5136672867951,,,
50,1,0,person,0.8037973046302795,96.530822627323,144.17457989340858,580.2633618960865,479.60683672734797,,,
50,5,56,chair,0.2751833498477936,141.33212280273438,245.82887268066406,259.4306945800781,430.647705078125,,,
51,1,0,person,0.8551323413848877,46.321334102413914,144.06162021124862,582.0718884839068,479.63467801838885,,,
52,1,0,person,0.8410248160362244,42.10712664288474,143.8706696409119,584.9682374446669,479.5989199849544,,,
53,6,0,person,0.8178096413612366,186.0426025390625,145.6051788330078,578.499267578125,479.76861572265625,,,
54,6,0,person,0.8785523176193237,181.69152525660886,145.69060359626485,581.5337791240784,479.8326766388211,,,
55,6,0,person,0.8643205761909485,180.6343908157798,145.4137372760069,580.8606998838598,479.80514601404263,,,
55,7,67,cell phone,0.324393630027771,85.73616027832031,171.205078125,199.99693298339844,354.3455810546875,,,
56,6,0,person,0.7710259556770325,110.43631680375671,145.85582614266255,579.7700684521051,479.7303250030159,,,
56,7,67,cell phone,0.6114550828933716,80.74759159420287,163.0094570412811,193.14131120883084,346.8218592087563,,,
57,6,0,person,0.7230250835418701,48.92030146167622,146.57312273768676,579.6281327338205,479.7422986117674,,,
57,7,67,cell phone,0.7758868932723999,79.97637668687481,157.68802713989203,188.89658927107217,342.198373918466,,,
58,7,67,cell phone,0.7814388871192932,75.60464155565533,150.23876331407644,183.1578362145633,330.2997595977316,,,
58,8,0,person,0.8761498332023621,166.94140625,147.56195068359375,585.0,479.67083740234375,,,
59,7,67,cell phone,0.8592987656593323,71.48179001926778,147.40891695428454,178.15006026478358,325.13765213308136,,,
59,8,0,person,0.8730125427246094,169.19288849751152,147.51830898885208,584.9997688562661,479.68988520303304,,,
60,7,67,cell phone,0.7904438972473145,67.61206766324715,144.2009737149715,172.10436836860316,319.01316066549134,,,
60,8,0,person,0.9074892997741699,170.04885189371387,147.87197415360455,584.9019132864864,479.6999584209549,,,
61,7,67,cell phone,0.816532552242279,62.932397320341416,140.76537912893838,166.64689301393557,313.1720392095296,,,
61,8,0,person,0.9159258008003235,168.4920041231837,147.44569613079014,584.0672061718807,479.62683971035574,,,
61,9,0,person,0.4717331528663635,41.78631591796875,256.1610107421875,170.2126922607422,479.7669677734375,,,
62,7,67,cell phone,0.8581566214561462,58.42504816081847,139.8768499802295,164.24029130875118,311.1518696547889,,,
62,8,0,person,0.911506712436676,167.11715826861575,148.0418715210711,585.0155290525195,479.62178353080117,,,
62,9,0,person,0.2998337149620056,38.90779148351223,260.43517062112545,170.68132323545478,479.81100263827346,,,
63,7,67,cell phone,0.8701692223548889,57.20770156415062,139.32377166111036,162.2208016945495,310.48104795980345,,,
63,8,0,person,0.9182597994804382,166.31509280710912,147.73218994346743,586.2506538283965,479.5838674193716,,,
63,9,0,person,0.48050978779792786,37.52795645855987,255.67668649728367,169.53852407052653,479.60070904432405,,,
64,7,67,cell phone,0.8714034557342529,57.39963299666678,139.23595279150572,161.05888361547568,310.9244146400399,,,
64,8,0,person,0.9151729345321655,165.9891891937785,147.8895184118131,585.8174308485268,479.59756175889015,,,
64,9,0,person,0.5858633518218994,36.80965557589765,253.77996178770525,168.60248569089748,479.5868738317329,,,
65,7,67,cell phone,0.7982562184333801,56.80952580048188,137.44975309192603,161.24709895703845,310.8561893360656,,,
65,8,0,person,0.9177860021591187,165.75869782522014,148.13696572112207,585.8641246622052,479.61321811847705,,,
65,9,0,person,0.6376389861106873,36.26510727410138,252.51515790708333,168.09136336618383,479.70017565763715,,,
66,7,67,cell phone,0.8112787008285522,57.48373615110428,137.53357814089685,163.0713667751429,312.52768922495835,,,
66,8,0,person,0.9208579659461975,165.1373191885876,148.5538565991469,587.7707553188818,479.59887716082665,,,
66,9,0,person,0.5251624584197998,36.11632856943528,251.29629350808975,166.9136238403209,479.82945736565534,,,
67,7,67,cell phone,0.8298027515411377,56.85288651662018,136.087994274511,165.38819734723094,311.51235013874236,,,
67,8,0,person,0.9128115177154541,164.5371769371617,147.77162321779147,587.7232653781676,479.5318221297325,,,
67,9,0,person,0.4553612172603607,36.03457959383752,250.2083555745257,165.37928451637515,479.95359724008233,,,
68,7,67,cell phone,0.8204651474952698,55.40000506163588,135.3953683774123,166.26234720262627,311.2757306698354,,,
68,8,0,person,0.9160909056663513,164.16371381357547,147.6885052370959,590.0658367384991,479.53466660821744,,,
68,9,0,person,0.3948929011821747,36.030029048383966,250.20394640174743,164.7198226434737,480.06208795668056,,,
69,7,67,cell phone,0.873892068862915,55.56004503104842,135.299447969497,166.2379567040927,311.5782561380853,,,
69,8,0,person,0.914089560508728,163.1235599101116,147.3157644967932,588.3226050682097,479.51380306503165,,,
69,9,0,person,0.4727172553539276,36.15261416622454,250.44309971485364,163.7828890513184,480.0836324265984,,,
70,7,67,cell phone,0.8762866258621216,56.81786475002336,134.70256828639126,165.58133652231896,311.50758166491073,,,
70,8,0,person,0.9147903919219971,162.42482043076168,147.41633877234645,587.4266080535218,479.5535072869957,,,
70,9,0,person,0.4763871431350708,36.213058797506214,249.22070346510702,163.581277117216,479.93987671587047,,,
71,7,67,cell phone,0.8250347971916199,56.9011703238667,133.22104276426114,164.22975283953792,309.14018440484915,,,
71,8,0,person,0.9126096963882446,162.24643796016568,147.1697177899604,587.7449507604258,479.56849392180584,,,
71,9,0,person,0.2605365216732025,35.630067226812194,247.94049148826826,163.31843953876984,479.86036003076896,,,
72,7,67,cell phone,0.7456375360488892,56.00333322652835,130.8582805335424,163.09475511957356,305.1143540684536,,,
72,8,0,person,0.9165431261062622,161.69370582911267,147.45993743069374,587.7412050524036,479.5896595802316,,,
73,7,67,cell phone,0.7222140431404114,56.040664270665275,124.96281525279996,162.23697575684469,298.460649213549,,,
73,8,0,person,0.9174371957778931,162.40590853184133,147.43793273437802,587.6140862253168,479.58461946345346,,,
73,9,0,person,0.33133020997047424,34.50817294189101,239.2068761379494,162.1567823830589,479.24265343210834,,,
74,7,67,cell phone,0.7477565407752991,56.929219363577964,119.20022182425488,161.45278273672542,292.02147286698226,,,
74,8,0,person,0.9203510880470276,162.5845959564785,147.46912422876346,585.666150716188,479.5944961758015,,,
74,9,0,person,0.3288637399673462,34.136814168709954,235.86795169614805,161.63401011094533,479.27958716195093,,,
75,7,67,cell phone,0.6946774125099182,56.37144250745664,108.71318415000998,162.03435629215798,282.18693693622174,,,
75,8,0,person,0.9221915006637573,161.25727181575985,147.43385789009375,584.2968505935693,479.57984388190465,,,
76,7,67,cell phone,0.4785100221633911,57.12527838328621,96.00134328689249,163.20675152163778,271.62500860913656,,,
76,8,0,person,0.9155995845794678,158.33382224682276,147.1779424283082,587.4889586746194,479.5665783614157,,,
77,7,67,cell phone,0.7264711856842041,56.10744955061326,83.80570934662629,162.6380038865017,258.93540502947167,,,
77,8,0,person,0.8882190585136414,149.31222153763855,146.83981161427715,587.0467845999844,479.58821854463105,,,
77,9,0,person,0.3059638738632202,33.122228733187605,198.27537998207924,160.01227615057607,478.0451957858194,,,
78,7,67,cell phone,0.733753502368927,55.74422814496618,76.18685795639503,163.6662132683214,253.28876038431707,,,
78,8,0,person,0.9033936262130737,152.14318576197792,146.65669543995864,587.0884585234978,479.5876114038117,,,
78,9,0,person,0.25421392917633057,32.733372277111904,190.67311291539357,159.77989721384262,478.3492483522834,,,
79,7,67,cell phone,0.7569540143013,55.055668069270304,71.58333359971803,163.396093705092,248.81670562227768,,,
79,8,0,person,0.8869539499282837,149.13156438980394,146.81535825281915,587.6102932923836,479.6108310424049,,,
79,9,0,person,0.32110434770584106,32.54155443180235,185.99575636508058,159.88515782855933,478.84994622909295,,,
80,7,67,cell phone,0.7194409370422363,54.82930812679656,69.54837895255207,163.24094428122413,247.08614459742057,,,
80,8,0,person,0.9076911807060242,152.51639577056844,146.87481373194854,587.2897422476403,479.6237029499107,,,
80,9,0,person,0.5137016177177429,32.71509856008675,184.02724567031777,160.30483864324498,479.4767062658669,,,
81,7,67,cell phone,0.7689610719680786,55.45080470526303,69.3988798788922,162.9877817032559,248.12500449612628,,,
81,8,0,person,0.8966371417045593,154.3610064337018,146.51537581572788,586.5205823573704,479.6007039803335,,,
81,9,0,person,0.6361061930656433,32.98541138711071,183.10057729496032,160.56448427904036,479.7484607900974,,,
82,7,67,cell phone,0.8418106436729431,55.88196036854258,67.79395746228388,162.57917471742752,246.38695175299213,,,
82,8,0,person,0.9125101566314697,157.39188419544803,146.4344525562535,585.8527739190101,479.63127559144027,,,
82,9,0,person,0.5767995715141296,33.73010367461975,183.4610861440614,161.1058537244377,479.68134225777305,,,
83,7,67,cell phone,0.8240857124328613,56.39605145980333,65.85985445798337,162.72789629558758,244.85580163581136,,,
83,8,0,person,0.9170342087745667,159.44061387866103,146.3038388659589,586.3617745532167,479.6686465722079,,,
83,9,0,person,0.5315496921539307,34.53906127787764,182.63107497912563,161.49707290534877,479.3806403394989,,,
84,7,67,cell phone,0.7989023327827454,56.781701813450084,64.46399414723325,163.54498372036323,242.08035000127776,,,
84,8,0,person,0.9237067699432373,159.73888612694452,146.04527067973797,585.8752149664772,479.6363952868602,,,
84,9,0,person,0.5229272842407227,34.94785061220504,181.22934245076408,161.823161680525,479.2664762511549,,,
85,7,67,cell phone,0.7406966686248779,57.519135735210334,63.366356182171,165.40591847086634,240.69434967902987,,,
85,8,0,person,0.9125191569328308,158.8934425299455,145.4194914906806,587.3437377035623,479.5762474392827,,,
85,9,0,person,0.349860817193985,35.57306898276401,179.30719256448376,162.91710476527226,479.3163482970649,,,
86,7,67,cell phone,0.7207364439964294,57.56791819240195,63.197627895579714,166.98952525569044,240.27444442141098,,,
86,8,0,person,0.9157946705818176,158.57171436093347,145.31744913403966,587.5770260113392,479.6169235169451,,,
86,9,0,person,0.37768474221229553,35.872946761190356,179.0445437680586,163.29149780964352,479.4507438913498,,,
87,7,67,cell phone,0.6806938052177429,58.040524281145174,63.18126701630793,168.1781519696081,240.28552825307958,,,
87,8,0,person,0.9074610471725464,157.88953385471567,145.029596866099,587.6581541905188,479.60652339457226,,,
87,9,0,person,0.38443493843078613,35.91588177227919,178.46377757134724,163.7096130092178,479.44259515699866,,,
88,7,67,cell phone,0.8067529201507568,57.95623465349339,63.449671477695404,169.4574215611811,240.4746614168074,,,
88,8,0,person,0.9039786458015442,155.98371991137878,144.60167304001476,585.9708390879664,479.6253758572021,,,
88,9,0,person,0.36891409754753113,35.62857517534107,177.88128777931786,164.05303525695467,479.4595618931269,,,
89,7,67,cell phone,0.7697555422782898,57.3133859015428,64.01049896570804,170.05447920032498,240.76190878023715,,,
89,8,0,person,0.9062780141830444,153.65614877262462,144.6071406026103,586.9502409740094,479.64810474996585,,,
89,9,0,person,0.3620600402355194,35.46287916974451,178.86015147462078,164.06021249684397,479.57474815372484,,,
90,7,67,cell phone,0.7946281433105469,57.41728810263498,64.43906215868363,170.02300748179036,240.5847458349083,,,
90,8,0,person,0.9177619814872742,154.81001401024926,144.33323976386973,587.3449281454159,479.6257139323808,,,
90,9,0,person,0.36648350954055786,35.18441796918454,179.5931022820176,163.96401734844693,479.5700679771494,,,
91,7,67,cell phone,0.8301665782928467,57.15956638823765,64.32924675382289,169.73392219861796,240.88883184045835,,,
91,8,0,person,0.9084686636924744,155.85425658195751,144.21987150250015,587.4357000488711,479.6288031004699,,,
91,9,0,person,0.2840286195278168,34.71901971788873,179.58534259354386,164.21362365575584,479.29482047731517,,,
92,7,67,cell phone,0.7768626809120178,56.0755233158959,64.00499806846945,171.09530089887446,240.4587329581754,,,
92,8,0,person,0.9105904698371887,155.01049278491413,144.25622256891646,586.3456534867706,479.6468276416232,,,
92,9,0,person,0.29622986912727356,33.7180881595246,178.19933235548285,164.72147025597388,479.0251992241523,,,
93,7,67,cell phone,0.6757472157478333,57.17290213795792,63.585147908987125,173.1392920065716,239.77731453682205,,,
93,8,0,person,0.9158067107200623,153.5076313123961,144.36309658445333,587.7998232522334,479.6451098785787,,,
93,9,0,person,0.38022080063819885,32.26488076007065,175.37858816870445,164.5809281445337,478.8127668738757,,,
93,10,65,remote,0.2751786708831787,57.40892028808594,64.1334228515625,174.85316467285156,240.61703491210938,,,
94,7,67,cell phone,0.7150006890296936,57.086530473923716,62.73981378667365,175.73236075754616,239.54423479484018,,,
94,8,0,person,0.9086554646492004,145.03907097262598,144.43203764131104,588.2639691380634,479.6593963785989,,,
94,9,0,person,0.33509474992752075,30.69135718249288,171.76772439581308,163.55650888879924,479.07395900925087,,,
95,7,67,cell phone,0.8134699463844299,58.844478939348164,61.64569167296298,185.4351182368643,238.27806375960859,,,
95,8,0,person,0.922380805015564,131.4880499226384,144.2435243813277,587.0359843099028,479.6875091180211,,,
96,7,67,cell phone,0.6709412932395935,58.980064867957836,60.4283287156658,191.76654786606701,237.57559170349245,,,
96,8,0,person,0.9222624897956848,115.38478648435463,144.28994698388837,586.0852280870924,479.689501416575,,,
97,7,67,cell phone,0.39709213376045227,57.93002351007293,58.24270495690239,196.77082936846324,235.3705916572252,,,
97,8,0,person,0.9164818525314331,106.10637683194847,144.05587053159516,586.981687780167,479.7327891408073,,,
97,9,0,person,0.25422120094299316,17.445108280687876,157.14214707120783,155.35057591961703,478.94580717498053,,,
98,7,67,cell phone,0.42983895540237427,54.96930023836143,56.788492493054406,201.75132494549632,233.5626740292826,,,
98,8,0,person,0.9068547487258911,74.23164893885186,143.83227573247913,585.5590279630115,479.7543650682759,,,
99,7,67,cell phone,0.6168616414070129,53.447854258863615,55.309707188881404,206.16375940471067,230.9555511728226,,,
99,8,0,person,0.8959445357322693,42.045745599758334,143.82422528598184,586.2226116252501,479.78716723175023,,,
100,7,67,cell phone,0.5172747373580933,49.21167163559042,54.19542343960374,207.7295672608029,230.58690695248168,,,
100,8,0,person,0.89019376039505,24.473055644527108,143.87323222404245,587.63526257127,479.78967715675526,,,
101,7,67,cell phone,0.4579245448112488,50.69875845355392,52.4143027454501,208.72428034468516,229.35564735822268,,,
101,8,0,person,0.882258951663971,11.657386692933017,143.94357015315106,588.2345905377042,479.77952969868534,,,
101,9,0,person,0.2808544933795929,5.944275213687945,157.31729275899767,146.84212891268072,479.034764588383,,,
102,7,67,cell phone,0.7652211785316467,49.06402239026812,50.87597205596204,208.7690186124554,229.3944404445288,,,
102,8,0,person,0.8934914469718933,6.694286322083599,144.05985445737602,587.9676443050195,479.80047891574054,,,
103,7,67,cell phone,0.7360584735870361,47.9029970276878,50.5917671643428,208.06614068588053,228.94879755483043,,,
103,8,0,person,0.8884707689285278,7.268039178312904,144.0265264995899,588.6748189103128,479.78339513807623,,,
104,7,67,cell phone,0.5954100489616394,49.413735029132994,48.80904946824063,206.78780024668,223.99671779371198,,,
104,8,0,person,0.8924606442451477,10.436741201357165,144.24142026767473,589.6406066551347,479.7675817559407,,,
104,9,0,person,0.2804180085659027,3.8245332033340986,158.41780795706313,145.98355956630417,478.7883525503612,,,
105,7,67,cell phone,0.4274449646472931,48.986720279858645,46.112585295809424,205.888155984979,220.56006938189722,,,
105,8,0,person,0.8915402889251709,11.318998308246933,144.2204181396095,590.152952669918,479.74126718773323,,,
106,7,67,cell phone,0.6453812718391418,47.1057596229237,44.25289865292737,206.25724893147105,219.47768278655903,,,
106,8,0,person,0.8876200914382935,11.366075470370788,144.31466817710537,591.2227229200623,479.72744657758705,,,
107,7,67,cell phone,0.470959335565567,46.079415545124476,41.708662148632044,207.19132914816683,216.482543060771,,,
107,8,0,person,0.8857724666595459,9.284322794342472,144.34049956044913,590.355745481856,479.7597961845632,,,
108,7,67,cell phone,0.35107657313346863,47.6947341450696,36.52496124381729,208.6841572315198,211.23657960390796,,,
108,8,0,person,0.8928756713867188,3.914328245567617,144.37778124709874,592.5434946875743,479.7667067722907,,,
109,7,67,cell phone,0.5357732176780701,48.56640998827092,30.5420226399968,211.14349619000168,205.41026159447125,,,
109,8,0,person,0.8946256637573242,1.930783605837803,144.38164669747238,591.3308333166146,479.7454158040653,,,
110,7,67,cell phone,0.30245280265808105,48.68476338336194,25.494336993152046,213.40915236019697,200.64550421756016,,,
110,8,0,person,0.8926583528518677,1.6640314009499093,144.33448810698454,588.576285537973,479.75759768217824,,,
110,11,65,remote,0.3879809081554413,50.28703308105469,25.420303344726562,212.96205139160156,199.93467712402344,,,
111,8,0,person,0.893777072429657,1.5015264126770944,144.344301212154,585.6392233630481,479.77432673041534,,,
111,11,65,remote,0.2662542164325714,48.513079586066254,24.639537471530275,213.43089233285102,199.84180214023937,,,
112,7,67,cell phone,0.252086341381073,46.04893117680214,22.392006935785716,214.8062951848194,199.22817307567635,,,
112,8,0,person,0.9015605449676514,1.888840775431504,144.5020287014419,586.487535719439,479.759205237266,,,
113,7,67,cell phone,0.3348741829395294,43.36528240937419,22.429628756754752,215.60567871476417,200.5963453304036,,,
113,8,0,person,0.8982415795326233,4.507410861263054,144.44649451262003,590.5019316169353,479.7254125412891,,,
113,11,65,remote,0.2671740651130676,46.966361717639245,23.845868665036463,215.11248882553463,200.4973797576127,,,
114,7,67,cell phone,0.4102109968662262,42.947873287038306,23.0574370212814,216.2886513199207,201.46576797531964,,,
114,8,0,person,0.8955223560333252,6.525510342937309,144.45688330412193,589.7211412141343,479.6912980534171,,,
114,11,65,remote,0.3360224962234497,47.222407775734254,24.228645850715367,215.83536608125678,200.5742113445803,,,
115,7,67,cell phone,0.32602226734161377,43.03665833420753,23.893359830221357,216.39583883815868,201.9501221823804,,,
115,8,0,person,0.8951194882392883,5.433951648955997,144.44111580606827,588.7435088457089,479.6876545332765,,,
115,11,65,remote,0.2864270806312561,47.551915299917795,24.922762304518017,216.026750954427,200.70234284254371,,,
116,7,67,cell phone,0.4043932259082794,43.61446829765859,24.442949174508342,216.52765870096542,202.1720279180912,,,
116,8,0,person,0.8925104737281799,4.995495147574445,144.43470249014138,587.9025098357379,479.71152674050643,,,
117,7,67,cell phone,0.36117982864379883,43.409857876437215,24.63379062723783,216.3688643024674,202.36645957066065,,,
117,8,0,person,0.9003203511238098,8.10158447805145,144.4964210923125,587.9937084651159,479.71546332416494,,,
117,11,65,remote,0.2503279745578766,47.2427242912412,25.232493930281578,216.1220265202026,200.9587484331821,,,
118,7,67,cell phone,0.4261733889579773,43.610186591660266,24.68115815444851,215.89278524139925,201.96514273855024,,,
118,8,0,person,0.8976627588272095,8.500430692543148,144.5622241022404,585.6667195648592,479.71584150021454,,,
119,7,67,cell phone,0.5302994847297668,42.848248166856976,24.948443812019534,212.9944860996868,201.72219465506885,,,
119,8,0,person,0.8982414603233337,7.38028306116388,144.49559330461915,587.5293026573295,479.69212902789747,,,
119,12,0,person,0.285367876291275,0.18768310546875,116.2357177734375,143.173095703125,479.26220703125,,,
120,7,67,cell phone,0.47689858078956604,42.85168568470384,25.280453150883034,209.73182486471848,201.99085070464173,,,
120,8,0,person,0.9020407199859619,5.42013222794975,144.53098128819724,589.0439192098684,479.6749195446938,,,
121,7,67,cell phone,0.5403847694396973,39.57652282215186,26.313416510286686,205.14266472164053,202.28605760004282,,,
121,8,0,person,0.897721529006958,2.1712095891232934,144.61572241504643,588.7095815433681,479.6815337510004,,,
122,8,0,person,0.8950574398040771,0.1738303183101948,144.74603624931558,590.7918020730071,479.6340227460755,,,
123,8,0,person,0.8960615992546082,-0.21454459191829756,144.85144679563635,591.1255002648148,479.6443380743351,,,
124,8,0,person,0.9002789258956909,0.8782608902064908,144.77768401995596,589.2577316459922,479.6414087606644,,,
124,12,0,person,0.2978180944919586,0.08627806216088629,30.36279376182847,181.6111865269151,478.642916214558,,,
125,7,67,cell phone,0.25986412167549133,5.707274012350624,32.41865603444943,169.31966867663812,207.73246283525532,,,
125,8,0,person,0.895573079586029,3.920112839511205,144.79779006114353,588.3983274790626,479.6719365722284,,,
126,8,0,person,0.9029189944267273,10.890500381879122,144.85116427596822,592.0988402717564,479.66083307325755,,,
127,8,0,person,0.9039269089698792,11.679069218644543,144.90170802082366,591.1356196339955,479.63973994640673,,,
128,8,0,person,0.9004144668579102,12.165903518479865,144.8931925904248,590.128181184567,479.6526867908869,,,
128,13,65,remote,0.367122620344162,0.0,35.52647399902344,135.6356964111328,206.60134887695312,,,
129,8,0,person,0.9000968933105469,4.7002570976735,144.9686736390238,587.4585507603413,479.72431299173365,,,
129,13,65,remote,0.3581102788448334,-0.17305565811659562,34.80066555709182,129.40020839847818,209.3728674477274,,,
130,8,0,person,0.8960874676704407,0.9539384731779705,144.89811649510705,587.5743770345173,479.7666983696678,,,
130,13,65,remote,0.29398831725120544,-0.12817556841457645,35.71117896027023,121.9523679972368,209.1843901274089,,,
131,7,67,cell phone,0.25752419233322144,-0.9246145986708854,37.016270442313214,114.6807070701514,213.34174760305046,,,
131,8,0,person,0.892522931098938,-0.7100349952194165,144.87345182556,587.1134960283863,479.7825567723668,,,
131,13,65,remote,0.3717169463634491,-0.11585135802629054,36.58740756772595,113.82508769526012,210.51530442006606,,,
132,7,67,cell phone,0.5197200775146484,0.093981685450224,37.39295756672048,111.73205808304434,214.3213097140316,,,
132,8,0,person,0.8953460454940796,-0.6335623767598122,144.82752042007763,587.7553418464124,479.7782524016572,,,
133,8,0,person,0.8925294876098633,-0.624408047109057,144.85495463664967,587.3670633261124,479.79067967391694,,,
133,13,65,remote,0.5017560720443726,0.3830441646932954,37.22132118776808,113.05881892035967,214.8732419229019,,,
134,8,0,person,0.8966702222824097,0.5251313952330747,144.84841206644603,586.5879484578556,479.7716634932135,,,
134,13,65,remote,0.48887738585472107,0.7910078646130643,37.474856223781956,122.16160053140827,215.04329976114283,,,
135,8,0,person,0.8842679858207703,8.581298945512174,144.92535700013886,588.0233567934033,479.7072235082786,,,
135,13,65,remote,0.3457103967666626,0.93219230778098,37.77331419715722,130.3044492769581,215.24968217314756,,,
135,14,0,person,0.2746606469154358,0.446075439453125,53.618865966796875,126.43080139160156,479.1961364746094,,,
136,8,0,person,0.8897778987884521,28.663743668662107,144.99585886472127,588.6151502844239,479.6173223774125,,,
136,14,0,person,0.6913509368896484,0.5643192090069675,38.36619090523442,139.95675405563026,478.6641098928529,,,
137,8,0,person,0.8788626790046692,27.17133857000681,144.98269626648292,588.3291574379905,479.59369090813095,,,
137,14,0,person,0.6037933230400085,0.20467956496050022,35.812526954288984,151.089646255841,478.7904434160256,,,
138,8,0,person,0.872262716293335,16.33056541707134,145.02360782225733,588.2818173996291,479.66627663021586,,,
138,14,0,person,0.35151249170303345,0.35228884116757797,38.55017204073434,167.5688851234711,479.17529748081995,,,
139,8,0,person,0.879448413848877,31.335480001937185,144.9946972361728,588.3984447169398,479.68394782219104,,,
140,8,0,person,0.8665648698806763,25.414071100502326,145.03360469221235,588.4213712340847,479.7159143903593,,,
141,8,0,person,0.8736388087272644,84.29799862550303,145.20629129138828,590.8465339654396,479.6952502287172,,,
141,15,67,cell phone,0.2511023283004761,75.62460327148438,41.54778289794922,215.51153564453125,218.88275146484375,,,
142,8,0,person,0.8750402331352234,121.92883157522539,145.17909728694488,587.6730179539668,479.6462239036083,,,
142,15,67,cell phone,0.3731021583080292,84.96269190505836,42.00281007858719,223.3980140296635,218.57194927686288,,,
143,8,0,person,0.8461607694625854,101.47999960455638,145.11503897597348,582.8408180891175,479.64407077926944,,,
143,15,67,cell phone,0.27424246072769165,96.85079528226673,41.53406906299338,234.62577904352815,217.91396770624252,,,
144,8,0,person,0.8796966075897217,139.6056527391606,145.33522501047048,583.879461954135,479.67019809530393,,,
145,8,0,person,0.8257112503051758,152.85982559079,145.64799493030947,585.5969762636413,479.6957184560657,,,
146,8,0,person,0.8898832201957703,167.83510869154188,145.87427748081578,583.6127130505068,479.6580991770501,,,
146,14,0,person,0.3220146596431732,53.88305897462867,31.436761371501348,292.0372436435892,479.2091119017321,,,
147,8,0,person,0.8818825483322144,173.26702935302455,145.97187713815129,580.2360132144718,479.66140204753526,,,
147,14,0,person,0.3947213292121887,57.79971757143551,51.78591506996784,283.2099764011726,479.79770399069264,,,
148,8,0,person,0.7980648279190063,180.81197103825357,146.67190698815853,578.5628746803728,479.73826354532207,,,
148,14,0,person,0.3736645579338074,69.99225500253324,36.64907515408282,320.01455111844126,477.7833028684916,,,
149,8,0,person,0.6853740215301514,179.594912641864,147.18219367724035,576.8059657642403,479.77233798864404,,,
149,16,0,person,0.29115599393844604,47.46087646484375,81.18585205078125,609.5607299804688,479.94720458984375,,,
150,8,0,person,0.7118863463401794,174.85080229897048,143.90711910257852,579.2285511654476,479.4788374706239,,,
150,16,0,person,0.38449588418006897,71.4938953362248,87.6984247277581,617.8994975262632,480.00742346915587,,,
150,17,65,remote,0.29328903555870056,221.57275390625,38.280029296875,365.8690185546875,215.12704467773438,,,
151,16,0,person,0.809881329536438,72.28969753370251,126.9434903744702,611.972833219098,480.5110492084848,,,
151,17,65,remote,0.4036329984664917,239.9820960751493,37.949668792784124,385.50149996659223,214.4691884747491,,,
152,16,0,person,0.8987013697624207,72.3603963114997,131.9564622758043,607.2303735141638,478.98477645218617,,,
153,16,0,person,0.88445645570755,83.99856632263379,71.5640952235743,618.6839324242405,475.5792859578704,,,
154,16,0,person,0.8726438283920288,91.38677497572922,88.87440260308207,616.662918758836,478.7972164339884,,,
154,17,65,remote,0.2537112534046173,290.0811204223074,38.56739864730689,432.6043775043145,215.45794325092191,,,
155,16,0,person,0.8840728402137756,109.74657732394937,76.92240965584392,613.245610506095,478.8406568050842,,,
155,18,2,car,0.2771357595920563,112.33622741699219,454.5691223144531,136.52137756347656,479.4174499511719,,,
156,16,0,person,0.890295684337616,129.11490381585102,58.31649159262528,614.0725341760223,478.05276277439464,,,
156,18,2,car,0.2520636320114136,111.88503288570749,453.90227673137736,147.85345523488675,479.66484931253433,,,
157,16,0,person,0.905203640460968,139.10951504508594,51.185363971723945,615.2148967887263,478.3599255819631,,,
158,16,0,person,0.8749732971191406,144.97560688992667,48.04951623798911,607.9935367200433,479.0374137847797,,,
159,16,0,person,0.9008616805076599,154.73509637920557,50.229461396541666,617.7235459357605,479.89434861375537,,,
160,16,0,person,0.8035088181495667,171.3801293263129,48.86945657351984,605.5722074570692,479.74442071749843,,,
161,16,0,person,0.7781110405921936,181.87545898406952,66.27559969659302,594.3874645288174,480.5959408197269,,,
162,16,0,person,0.7447459101676941,186.66026248319204,71.34240888380825,588.1961542270694,479.56284530960534,,,
162,19,67,cell phone,0.45148658752441406,421.64337158203125,52.27288818359375,546.20947265625,228.1683349609375,,,
163,16,0,person,0.7090632319450378,190.73610361575888,107.38990507170624,591.0487653058026,481.58654408749237,,,
163,19,67,cell phone,0.3781290054321289,434.98760953234387,53.90214429505228,561.4998057667611,229.4137983742279,,,
164,16,0,person,0.7770867347717285,182.64100851902862,123.0900583975289,596.0677098876124,480.78889438433725,,,
164,19,67,cell phone,0.7257611155509949,452.07556866484373,55.85607620859413,570.2884449910298,228.59905465810425,,,
165,16,0,person,0.7183060646057129,179.9069544733977,111.62321332840116,591.5161440963607,478.47454154543885,,,
165,19,67,cell phone,0.8159159421920776,462.8828288917185,56.92529714555832,574.463393550871,227.99717373333317,,,
166,16,0,person,0.7898582816123962,177.30608655793532,120.79081726052507,590.2225624319237,478.8234319095577,,,
166,19,67,cell phone,0.8489291667938232,469.4203729856319,58.72890022165777,576.6952308671003,229.69110367050584,,,
167,16,0,person,0.8038170337677002,180.13168189974292,147.38841369528618,587.8988630720587,480.3559079882656,,,
167,19,67,cell phone,0.7590681910514832,474.5622912416857,61.54038263361339,579.6791810744543,230.8370692487552,,,
168,16,0,person,0.8081037998199463,192.92929991487154,155.9581107117186,582.9551467172644,479.77378131530986,,,
168,19,67,cell phone,0.7636042237281799,483.9739184317445,66.45082760697667,586.2232253653043,234.02709177168467,,,
169,16,0,person,0.852720320224762,204.7157247635351,162.53949551046068,581.2904432448149,479.3072616878958,,,
169,19,67,cell phone,0.6521623730659485,487.15013761489854,70.6143207477845,590.7819742078548,236.98726269700092,,,
170,16,0,person,0.851138710975647,210.38936008985735,164.43686346356367,579.5448033564758,478.87253702608757,,,
170,19,67,cell phone,0.7623967528343201,490.0185598716661,73.55661679448502,594.0433345986904,238.55363059870086,,,
171,16,0,person,0.8659005165100098,212.46567490103357,164.19371179286023,579.7628958647307,478.70562545940436,,,
171,19,67,cell phone,0.8197131156921387,489.7363529348664,74.93819219982424,596.226802379897,239.41109604265762,,,
172,16,0,person,0.8534833788871765,212.20841783622035,162.62510730908542,579.8308572279866,478.80258376960086,,,
172,19,67,cell phone,0.7660757303237915,489.46789897422155,74.5567346447056,596.8605205637755,239.3614951927732,,,
173,16,0,person,0.838433027267456,210.23327873266678,160.48007773909106,580.0583206366555,478.9985538295964,,,
173,19,67,cell phone,0.6866526007652283,487.36726498671146,73.78853736176465,596.6069903455129,239.43784534537235,,,
174,16,0,person,0.8577914237976074,210.84025832117723,160.19786869323562,581.1969266129819,479.2964443653202,,,
174,19,67,cell phone,0.8324596881866455,488.1961977643446,72.72516175592673,596.3199544530479,239.59410320225882,,,
175,16,0,person,0.8595848679542542,209.88259791456645,159.14924607896552,581.6815132918078,479.46478181180413,,,
175,19,67,cell phone,0.8921264410018921,488.9221627813507,71.79184215302453,596.0557180960806,239.48002690856433,,,
176,16,0,person,0.8686621785163879,210.54322350239312,159.64577852525946,581.979345844479,479.67109709152265,,,
176,19,67,cell phone,0.8227208852767944,489.1192199321854,71.94757682333099,596.0437743103882,239.32711125081758,,,
177,16,0,person,0.8569737076759338,210.17658558403068,159.7673965184338,581.9112036956069,479.73039969127353,,,
177,19,67,cell phone,0.8217136263847351,487.9288397715255,72.46797242060373,595.946325624258,239.23753959400213,,,
178,16,0,person,0.8529161810874939,209.7790587172241,158.89831469227593,581.8049656683828,479.6835598104866,,,
178,19,67,cell phone,0.8677663803100586,488.64163982236596,73.07434606086849,596.0512072340291,239.3185270293518,,,
179,16,0,person,0.8411959409713745,209.55414094145678,158.04661471028518,581.7147520623,479.66440845287036,,,
179,19,67,cell phone,0.8864090442657471,488.44863941224503,73.3615325495709,595.3849136330573,239.19812004408374,,,
180,16,0,person,0.8390731811523438,206.51216007158226,157.93177792990923,581.186062042681,479.66471658948274,,,
180,19,67,cell phone,0.8703089952468872,487.68737151820096,73.35679961560905,594.4894840016907,239.01029478751477,,,
181,16,0,person,0.8518189191818237,206.84449515820384,157.4889376862542,580.8915582051276,479.6192209296538,,,
181,19,67,cell phone,0.9222622513771057,486.45744600062386,72.87983883017915,593.3593666209529,239.06008711771295,,,
182,16,0,person,0.8531120419502258,207.0088598519123,155.94422987838783,580.9211801326758,479.5434906612981,,,
182,19,67,cell phone,0.8528721332550049,484.8224751223627,71.33839311818288,591.6642828328315,239.04749436963215,,,
183,16,0,person,0.7892388105392456,195.0585932395829,150.7966933166972,583.6533530793649,479.3156454345591,,,
183,19,67,cell phone,0.8886520862579346,482.34534244672415,68.8190765143957,588.1688135437479,235.12937684830416,,,
184,16,0,person,0.7650851011276245,186.09523173282565,140.060939274894,587.2559356262252,478.9311019825131,,,
184,19,67,cell phone,0.8712529540061951,479.5781650238057,66.41975774373871,584.4070660663845,232.9746084236096,,,
185,16,0,person,0.7547517418861389,185.27509830059387,121.37979515563887,590.2381391836627,478.465346133497,,,
185,19,67,cell phone,0.8685981035232544,474.5692072247682,64.61140842470587,580.2605593169133,232.11612270442038,,,
186,16,0,person,0.6839404106140137,183.33323205665135,119.33961538024502,592.6639029837196,479.34267566511835,,,
186,19,67,cell phone,0.8915531039237976,466.9734667139328,62.442062903810964,574.6275871249475,230.27577657556526,,,
187,16,0,person,0.6920726299285889,179.21054957565795,129.25581568330605,590.5451365271729,480.75608929198575,,,
187,19,67,cell phone,0.8996514081954956,460.45904355269215,60.58333093883681,570.9564619944539,229.1105288251277,,,
188,16,0,person,0.6771519780158997,178.70855450954392,130.0453914362204,595.8552488518357,480.66902154758793,,,
188,19,67,cell phone,0.8846567273139954,453.26041139268904,57.465330467534585,565.2057256187377,227.7316911361568,,,
189,16,0,person,0.6702455282211304,170.1239769695204,125.10635908824383,593.8080844793948,479.6607229337973,,,
189,19,67,cell phone,0.9028530120849609,444.3744570960554,54.60682999122899,557.5358944160984,223.93484278898177,,,
190,16,0,person,0.6688747406005859,171.97472918560166,104.72667158110815,589.6681692536647,478.3379051202252,,,
190,19,67,cell phone,0.8765596151351929,436.53411411162966,53.17849667783932,552.1268968799403,221.22474865356483,,,
191,16,0,person,0.7494682669639587,180.5312545665911,115.63255196772397,594.7086490782102,480.0181965413939,,,
191,19,67,cell phone,0.8318709135055542,426.5164588651459,49.71624702210899,543.3578723261185,217.9447550087225,,,
192,16,0,person,0.8302854299545288,184.93729218888535,93.79027321468575,607.9367506428755,478.57946645443474,,,
192,19,67,cell phone,0.8238604664802551,414.5841391557957,46.938871224543135,534.0176997942029,216.56621189790062,,,
193,16,0,person,0.7960271835327148,182.69130924896092,85.0371809434817,620.6350621849955,478.7930642758501,,,
193,19,67,cell phone,0.7953824400901794,402.65287030433285,44.86167523317178,523.9130308367857,215.71664792254703,,,
194,16,0,person,0.8171241283416748,179.73540763525912,97.11331947693634,620.2761003906033,480.276294867439,,,
194,19,67,cell phone,0.6141917109489441,393.50526609603725,42.00635904439517,516.3641083912022,215.19116723585213,,,
195,16,0,person,0.7981586456298828,171.6149008798577,65.51862526303972,613.4125654665869,477.9138107479909,,,
195,19,67,cell phone,0.5744690895080566,381.3983276254413,40.2067897514182,509.57538028049305,213.5324942839441,,,
196,16,0,person,0.7657297253608704,160.42879157885264,40.032621487436586,611.4041885235026,477.2805868361213,,,
196,19,67,cell phone,0.5216311812400818,372.28210165843984,38.65702182707905,499.87501330780094,211.35775320541347,,,
197,16,0,person,0.8984606266021729,159.7680094216025,33.90534663608835,616.9784800863156,478.5398919802034,,,
197,19,67,cell phone,0.3807772397994995,356.91710543140437,36.21918846236409,488.4747067478986,209.16092077161568,,,
198,16,0,person,0.8854621648788452,157.98153533074378,44.86668643348128,621.2116012647082,480.14336628203455,,,
198,19,67,cell phone,0.6562782526016235,341.1993457561477,32.296070771069466,477.02123830216004,206.63302127927426,,,
199,16,0,person,0.8809064626693726,153.23310712412194,34.997621392047336,611.8947153496276,479.40966071617845,,,
199,19,67,cell phone,0.5462386608123779,331.8047528157034,30.628071111974734,466.90502398129695,205.7857488023995,,,
200,16,0,person,0.8906592130661011,145.41793913158702,42.85439594150773,616.229003648377,479.8558441023922,,,
200,19,67,cell phone,0.442097544670105,319.7588492717863,28.606233697522143,455.9630975727247,205.19680962371677,,,
201,16,0,person,0.852927029132843,135.3693065927867,39.567435504602486,622.1614678934452,479.67598751932246,,,
201,20,65,remote,0.29128187894821167,309.8138122558594,26.712005615234375,449.3215026855469,205.3360595703125,,,
202,16,0,person,0.894106924533844,129.9669740734404,71.19960311236753,630.5856481648578,481.45910425606564,,,
202,19,67,cell phone,0.48328065872192383,303.80623865030446,25.679460856995746,442.9803141991751,205.12420735975292,,,
203,16,0,person,0.8626497387886047,131.03713683058416,83.5122978857869,631.2204424870013,480.49475740671903,,,
203,20,65,remote,0.33078330755233765,289.7560615922002,26.803448730623074,430.26287225948846,205.36579162033118,,,
203,21,2,car,0.3377542495727539,112.27613067626953,454.09100341796875,145.510009765625,479.44647216796875,,,
204,16,0,person,0.867802083492279,131.55532869185438,97.3045220362516,631.7226045141276,479.82274687280744,,,
204,19,67,cell phone,0.573448121547699,284.24583861075644,25.16048274401122,424.02240503909945,205.7977351695351,,,
204,21,2,car,0.3923257887363434,112.31890402140043,454.3370224031315,142.33495601960772,479.40330878625423,,,
205,16,0,person,0.8559638261795044,121.626697630905,55.042816183741195,630.8717267385751,476.16108763743495,,,
205,19,67,cell phone,0.6068217754364014,271.3272432387495,26.218657179246122,413.63368426930367,205.7951325736441,,,
205,21,2,car,0.33530938625335693,112.23162485215407,453.8685421646262,136.02283858166942,479.57520716757676,,,
206,16,0,person,0.8307552337646484,96.74230995305743,39.03750269943657,629.3896210425263,476.4535650015024,,,
206,19,67,cell phone,0.6094105839729309,260.5591142093696,25.95914658634139,405.6494786744576,205.8842099044365,,,
207,16,0,person,0.8718273639678955,86.59639585123625,47.685635457060044,624.1648471273814,478.9168087399604,,,
208,16,0,person,0.8852831125259399,104.35690363263774,39.678644757919585,624.6260256000176,478.68608835443735,,,
209,16,0,person,0.8865600228309631,95.6805888281047,28.66369229886746,619.7437157403726,478.22246449057855,,,
209,19,67,cell phone,0.4270392954349518,229.71978401424127,24.565581103522632,375.143506210609,206.19971616156533,,,
210,16,0,person,0.8456937670707703,106.63066138832357,28.89387292746511,622.0197932921973,478.9247748393717,,,
210,19,67,cell phone,0.2989356815814972,224.01682370362624,24.108926504821724,366.89093981119805,206.00473187695206,,,
210,20,65,remote,0.270226389169693,222.8915764147311,24.56997358168475,369.0974946597466,207.92346911899688,,,
211,16,0,person,0.8388453722000122,102.77312851985113,27.738031907780027,622.1546499714914,479.16532678415194,,,
212,16,0,person,0.7625694870948792,75.24474270411241,46.7777316863326,612.6199160999126,480.9766913899542,,,
212,19,67,cell phone,0.2948688864707947,208.57168538455065,24.554033865530258,350.4966566985936,206.26098936036658,,,
213,16,0,person,0.6983544230461121,61.9323953358782,83.47597498164944,604.3458345913702,482.5674058219074,,,
213,22,0,person,0.6050517559051514,171.43528747558594,153.32781982421875,594.0789794921875,479.7359619140625,,,
214,16,0,person,0.6053270101547241,78.96664827637522,49.26688088196366,621.9341153025243,478.4945398647153,,,
214,22,0,person,0.5871492028236389,176.62503923813742,136.22751778795282,606.8321022726908,478.8233202878823,,,
215,16,0,person,0.6356293559074402,81.16300796335094,29.773147693525203,624.2433678972727,477.67496923597287,,,
215,22,0,person,0.6110835075378418,179.53625405626173,100.9193856738298,596.2644752927868,478.33195404331616,,,
216,16,0,person,0.44463732838630676,82.72257720696865,23.31240553222588,625.4728429371235,478.72453201760254,,,
216,22,0,person,0.6045138835906982,182.8800423598995,140.19687138267705,588.4743459862705,481.2374402853585,,,
216,23,0,person,0.25345131754875183,88.1889419555664,27.022216796875,319.4168395996094,479.64056396484375,,,
217,16,0,person,0.43421804904937744,86.8243891857814,49.51601602591023,622.0615024258932,481.0015773623549,,,
217,22,0,person,0.6633380651473999,185.57332881733595,157.5669679404387,588.3527303773228,481.36206158688054,,,
217,23,0,person,0.2941574156284332,84.61189346712375,28.23606746409814,300.0249152571152,479.26096870613054,,,
218,16,0,person,0.5061675310134888,72.5591618136516,42.37377503331558,619.7232405865846,479.82626670227523,,,
218,22,0,person,0.63916015625,180.2429896051626,164.74931806834778,588.1796721546906,480.52437361870784,,,
218,24,36,skateboard,0.31611841917037964,147.13522338867188,25.166717529296875,289.6452331542969,212.13861083984375,,,
219,16,0,person,0.33139678835868835,68.12772489219043,36.218044134833434,629.2884652468531,479.28773061399454,,,
219,22,0,person,0.8663362264633179,177.68690751349254,165.67338496393828,590.9453964158599,479.62340972457605,,,
220,22,0,person,0.862481951713562,173.4800416229235,164.52589775175667,594.0161840379805,479.0796352125916,,,
221,22,0,person,0.8674859404563904,168.2234937962143,163.38258809598983,589.2734042934501,478.99154185896714,,,
221,23,0,person,0.26820263266563416,68.58943641754693,36.82675709157189,261.04724990385307,479.45501518285806,,,
221,24,36,skateboard,0.28673604130744934,118.59955108629416,29.606991633839357,263.3858260152807,216.6030691323484,,,
221,25,0,person,0.3198472261428833,66.81733703613281,126.802978515625,224.21791076660156,478.6771240234375,,,
222,22,0,person,0.8753336071968079,164.70467929804332,161.79001043699876,585.6351613720582,479.0719985732761,,,
222,24,36,skateboard,0.62897789478302,110.02339887579087,30.52646980087755,254.96240162463437,217.80829936309186,,,
223,22,0,person,0.8445147275924683,162.388189233409,160.82280453047537,586.3247225123079,479.3012050276572,,,
223,23,0,person,0.37411198019981384,59.07624247664823,32.27683628638425,250.85068939407574,479.0939733256493,,,
224,22,0,person,0.8421372175216675,159.2256677883479,160.39827544277904,584.6224154365206,479.5106937907954,,,
224,24,36,skateboard,0.29036757349967957,98.83256531831958,32.64467351099415,235.22817873151902,219.8023184128821,,,
224,25,0,person,0.31794053316116333,56.90949127023515,141.16240081840198,199.57575060355447,479.2260950147848,,,
225,22,0,person,0.8426646590232849,156.5636520317582,160.69469651663033,585.8432475219136,479.6825921314853,,,
225,24,36,skateboard,0.2629261016845703,95.60329987459436,34.07894381321721,226.90074883405867,220.17049792528655,,,
225,25,0,person,0.6253381967544556,54.21646044117689,143.73631637153272,194.1415505290098,478.9130520249027,,,
226,22,0,person,0.8968957662582397,153.65203148222915,161.0427397608373,594.570423361131,479.73809376066254,,,
226,23,0,person,0.4202020466327667,46.770096826707174,77.50454722107813,215.54589135071234,481.01233275636685,,,
226,25,0,person,0.5123723745346069,49.44544140185674,147.44561787682426,184.91499304345632,479.33262548637833,,,
227,22,0,person,0.8811414241790771,147.9548970912111,161.25340930363376,599.9209114892983,479.73915591309293,,,
227,23,0,person,0.47216036915779114,40.55991254472403,54.88155958983651,198.7007849533932,478.6587160761839,,,
228,22,0,person,0.8856651186943054,143.26032476937183,161.53690571316548,594.7480734996843,479.77507582773836,,,
228,25,0,person,0.39735841751098633,39.2828807403497,118.78601066007988,182.69447712018996,477.4581468189996,,,
229,22,0,person,0.9028806090354919,140.0192825562606,161.96394724074725,598.0120095956769,479.74893370254136,,,
229,23,0,person,0.3780199885368347,28.6382808009936,48.63475839077455,174.44490297525323,478.15015980983515,,,
229,24,36,skateboard,0.29072117805480957,49.692044155832065,45.96900654529546,176.427053521613,227.7537403699354,,,
229,25,0,person,0.28949958086013794,30.010450199684882,143.52370896205696,168.85184655779017,479.3644315430254,,,
229,26,67,cell phone,0.3286557197570801,49.78704833984375,44.90753173828125,174.40476989746094,228.11199951171875,,,
230,22,0,person,0.8803070783615112,130.59709909305047,161.89380807695173,596.8379113250866,479.71733906693385,,,
230,24,36,skateboard,0.4122410714626312,42.51870532455607,48.52394525548608,168.3135377304468,228.78137241538877,,,
230,25,0,person,0.5387166738510132,21.46131003263737,151.27503436388284,154.50998657448662,479.778101621265,,,
230,26,67,cell phone,0.4144686162471771,46.02850969184961,48.014746612781394,170.36035271339392,227.9700217248922,,,
231,22,0,person,0.8405476808547974,44.35505816579257,161.30336041525288,593.6409789503463,479.71692521981015,,,
231,23,0,person,0.40124937891960144,10.014686988334304,52.76774343966764,158.15917992859374,478.66732624237903,,,
231,24,36,skateboard,0.28957611322402954,32.54532538870105,52.471795689233716,157.3636293314731,231.76432033781424,,,
232,22,0,person,0.8629263639450073,37.37468563014329,160.34636241386735,606.6199423522436,479.6640433477771,,,
232,24,36,skateboard,0.2884548008441925,19.758878008490342,55.354598063443945,145.7944530116815,232.76114454285576,,,
232,25,0,person,0.34452947974205017,1.2819178071997044,161.65431026008304,142.2268376211803,478.30593181025694,,,
233,22,0,person,0.8651432394981384,24.02178651660381,160.14992515915455,609.7152419848895,479.74756257364197,,,
233,23,0,person,0.578855574131012,-1.0364302043009275,54.80949283861872,138.468561692481,478.8671057975021,,,
234,22,0,person,0.8741520047187805,32.5919214460676,159.3443161221742,615.1763224841718,479.7246812435584,,,
234,23,0,person,0.488652765750885,-2.058643592822321,57.44760842092043,132.51137257867805,478.6025361663028,,,
235,22,0,person,0.8861624598503113,17.17086325230565,159.3737519229416,611.6322277617003,479.790518433435,,,
235,23,0,person,0.46135756373405457,-2.0791114414809186,59.85621385048151,120.6521987732897,477.659906754648,,,
236,22,0,person,0.8698098659515381,30.175546379067555,158.8120032500778,607.6727532443992,479.74280953882106,,,
236,23,0,person,0.2914618253707886,-1.1411673681069487,61.26634743188046,114.57279653940786,476.5406465840297,,,
237,22,0,person,0.8884600400924683,63.87493457149668,158.7195880056858,606.7742118011192,479.69699987323423,,,
237,23,0,person,0.2520925998687744,0.06816362465796999,65.48136249362491,113.92269250544707,476.9342030246637,,,
237,25,0,person,0.35274678468704224,-0.9068251822109659,183.95791597594135,128.07516562996426,479.4146935496278,,,
238,22,0,person,0.875712513923645,71.53588126397597,158.03323014177366,604.4739819253383,479.65725808190723,,,
238,25,0,person,0.2567370533943176,0.22943635529814088,181.73758298848267,126.82870339106648,479.2648130526211,,,
239,22,0,person,0.8776481747627258,68.07764315123296,157.6984745610173,602.583603301754,479.6802094097129,,,
239,25,0,person,0.34704965353012085,0.7345405139343271,183.40612759410274,126.98684681021078,479.33790721025537,,,
240,22,0,person,0.8953468203544617,77.24647476112443,157.53942912635247,598.9836737312431,479.7164341378548,,,
241,22,0,person,0.893420398235321,79.16816058362923,157.6764274375847,598.8183868585754,479.75429713068127,,,
241,23,0,person,0.2589757740497589,1.0599133902157618,95.83597265353725,126.66519031030762,479.6691155932074,,,
242,22,0,person,0.8924213647842407,60.57382444620697,157.37104744636926,599.4321610122954,479.75095844353245,,,
243,22,0,person,0.8915876746177673,19.20807618604823,156.48181731378585,598.0259830448108,479.7362766512772,,,
244,22,0,person,0.8943739533424377,13.509452873375437,155.74502068612108,599.8777982990084,479.7397263512636,,,
244,23,0,person,0.29826128482818604,0.829820144227341,65.71044753575359,153.3172381767395,477.20547905039496,,,
245,22,0,person,0.885597288608551,5.451771113847997,155.6618516268658,602.3752938705388,479.7873119731279,,,
245,23,0,person,0.35549676418304443,0.5740803556227689,58.87483597131953,165.1760843803268,477.6126836484656,,,
246,22,0,person,0.8894603252410889,-1.433815585411537,155.64595327084635,607.7067117714362,479.7979033262477,,,
246,23,0,person,0.3096536099910736,-0.9490617727963695,59.63706915024426,152.38879633548993,478.81879931982206,,,
247,22,0,person,0.8810120224952698,-1.5214564363656677,154.8771976102875,606.2804343891646,479.746407265091,,,
248,22,0,person,0.8808546662330627,20.64569957267821,154.9581728860354,602.7859698750863,479.7642961238023,,,
248,23,0,person,0.2952437400817871,9.967873942892084,63.45772907842397,148.31596680851686,479.20539805969247,,,
249,22,0,person,0.8845040202140808,40.98217120043165,154.77712173131712,604.5725676946918,479.7381148459972,,,
250,22,0,person,0.8746491074562073,51.63861621293694,154.5053040840327,598.0072277331831,479.7117271727319,,,
250,27,67,cell phone,0.3119557499885559,68.8299560546875,67.5055160522461,220.53683471679688,244.30874633789062,,,
251,22,0,person,0.855627179145813,48.81039678465834,154.60088576224646,595.2266427596248,479.7181802521136,,,
252,22,0,person,0.8684554100036621,59.84810425315857,154.83733223338714,597.3495679070683,479.72045394902403,,,
253,22,0,person,0.8594837784767151,60.31800117264828,154.8017196148857,598.316161050067,479.72729690380874,,,
253,27,67,cell phone,0.6885172128677368,86.9006715857315,78.821180546585,240.28933765262474,257.23412002052476,,,
254,22,0,person,0.8630577325820923,50.60389956821513,154.87262848492225,597.3682187244865,479.74016096336317,,,
254,27,67,cell phone,0.5429591536521912,88.79949505552547,84.79827161365984,245.6077453378718,262.71217886927366,,,
255,22,0,person,0.878954291343689,67.30725878510117,155.65392299768394,595.3841984164519,479.8039451211997,,,
255,27,67,cell phone,0.5058712363243103,91.97174017090404,87.60809490351855,250.86063459560134,267.0416485596994,,,
256,22,0,person,0.8618386387825012,71.45518874472333,155.40531070520055,598.194873913176,479.74235875865224,,,
256,27,67,cell phone,0.6609933376312256,103.1828147631495,92.73779225127969,257.06119061657245,271.80907124165986,,,
256,28,65,remote,0.29508307576179504,106.46295166015625,94.31466674804688,257.2041015625,275.19110107421875,,,
257,22,0,person,0.8844441771507263,108.00580051582654,155.1943524490765,595.9945236107274,479.7116264731018,,,
257,27,67,cell phone,0.46947070956230164,108.22941752446997,98.17064354430642,261.4726874600129,277.0966064368338,,,
257,28,65,remote,0.40604421496391296,107.67452759390999,98.58152753647207,260.5465928385089,279.96777904802866,,,
258,22,0,person,0.900128185749054,132.1187803636741,155.2312055386866,594.4700579037411,479.7243100170514,,,
258,27,67,cell phone,0.42629095911979675,110.89394591428456,102.50357314310341,263.77813807756456,281.25898037457966,,,
259,22,0,person,0.8755977153778076,141.62080935078217,155.374132764038,592.0786752998149,479.70970255190537,,,
260,22,0,person,0.8814848065376282,143.42733416496043,155.3029311312395,592.423832414913,479.6760680415921,,,
261,22,0,person,0.8474954962730408,103.13970192753237,155.3776131226971,591.6497891884758,479.67369869131846,,,
261,27,67,cell phone,0.3225315511226654,110.95840078123821,120.20300913002008,266.37289029113913,301.6938425623493,,,
262,22,0,person,0.8690946698188782,98.91157543120909,155.03712514167927,592.216032526949,479.66063932172204,,,
262,27,67,cell phone,0.251848042011261,112.61718491191908,130.21474265080485,265.6068462205327,312.56472647588146,,,
262,28,65,remote,0.3100375235080719,111.8574946928745,131.91827829825777,265.16097333458094,318.14993633622885,,,
263,22,0,person,0.8760246634483337,123.6191568621675,155.35173348832657,592.2432301775025,479.6725676454248,,,
263,27,67,cell phone,0.3177269399166107,112.459232095706,136.0587864656985,264.87620156255923,321.1870580758598,,,
264,22,0,person,0.8446470499038696,97.31116290767807,155.99475826626974,597.1163754241554,479.74193760440016,,,
264,27,67,cell phone,0.32060322165489197,110.26984960452813,141.50128249346955,262.9686351108931,330.4727388691222,,,
264,28,65,remote,0.2997884154319763,108.47534311439635,141.09859921815928,262.5100000612644,331.7756975766941,,,
265,22,0,person,0.8851622343063354,126.11061879777674,156.20088909350358,597.5466604413674,479.72912912169426,,,
265,27,67,cell phone,0.39817434549331665,108.57396571009336,149.68877032374402,259.91317161726766,340.4470588265774,,,
266,22,0,person,0.8857058882713318,147.69221806349782,156.43884245869842,595.6934085269156,479.6915309467814,,,
266,27,67,cell phone,0.42011603713035583,107.45816731845565,156.73404544716186,257.88542361392643,348.5685987154668,,,
267,27,67,cell phone,0.547455906867981,107.62186530460345,162.75591122357102,256.35119826397084,359.81387974790357,,,
267,29,0,person,0.7899491786956787,39.94744873046875,155.6754913330078,599.224365234375,479.63824462890625,,,
268,27,67,cell phone,0.776329755783081,107.67457106095716,168.1056020273388,255.36108879012303,365.6693203685768,,,
268,29,0,person,0.7835981845855713,39.157101838356596,155.19990885008906,599.1373733809023,479.6841676739658,,,
269,22,0,person,0.8615953922271729,162.71401790696675,156.45763958525438,590.7906664262057,479.5079352718776,,,
269,27,67,cell phone,0.3210959732532501,106.52962729343845,177.67919022291613,253.54300911451406,376.4781039383026,,,
270,27,67,cell phone,0.3993552625179291,106.50030065102109,187.7543913951505,249.4158248688042,385.3109623343986,,,
270,29,0,person,0.8387656807899475,98.33466260817943,155.2487677720329,595.9086277832085,479.6844642393303,,,
271,27,67,cell phone,0.6241455078125,106.82289759605503,194.86393647587738,246.63516484466794,391.4877331851336,,,
271,29,0,person,0.7793070077896118,67.60912304409351,155.33055583273193,593.1416581356044,479.67392226499857,,,
272,29,0,person,0.805743932723999,60.06048448697072,155.65047838464935,593.8816715740467,479.70014227614035,,,
273,22,0,person,0.8556084632873535,143.3984979062838,155.2041267508843,594.4696204219306,479.5911250555552,,,
273,30,63,laptop,0.2516641318798065,96.63805389404297,219.15985107421875,242.61279296875,467.1036376953125,,,
274,29,0,person,0.8474553823471069,54.909444477855175,157.6568127898818,594.9571798961836,479.6757394872717,,,
274,30,63,laptop,0.37937501072883606,107.59655810435987,225.71799383505493,238.2865473526976,428.04903684434817,,,
275,27,67,cell phone,0.3865414559841156,107.88476648229238,229.72945537467598,235.13799258937547,428.6063902282594,,,
275,29,0,person,0.8415015339851379,49.75625485140188,157.95715045872086,594.7592902816507,479.6138437489317,,,
276,27,67,cell phone,0.5551345348358154,105.4704730339663,234.98831485706594,230.47970198032607,434.369465166179,,,
276,29,0,person,0.8750048875808716,50.82738180640331,157.54115023486702,595.534042321164,479.53335454631826,,,
277,27,67,cell phone,0.7142432332038879,97.30793249626079,236.8503552765074,225.25836661172997,435.9176934243266,,,
277,29,0,person,0.889523446559906,48.2670255723221,156.19744036758678,593.7553320414954,479.5619985230479,,,
278,27,67,cell phone,0.801862895488739,100.45954323609757,234.93520978420992,223.94431534917314,432.70302223323716,,,
278,29,0,person,0.8846909999847412,51.64298851445318,156.87794335916087,593.9994083650547,479.6398170271142,,,
279,27,67,cell phone,0.36718013882637024,100.74681666952057,229.17925749963973,222.0836221024615,423.4974097181624,,,
279,29,0,person,0.812975287437439,51.05061785721119,155.4332164794416,592.1301153560692,479.5450743796828,,,
280,22,0,person,0.8756809830665588,173.7589137122739,154.62157249311898,583.7420069635525,479.8299939753608,,,
281,22,0,person,0.8265557885169983,159.77468790009004,154.41621629089394,587.0039662507232,479.6699331585109,,,
282,22,0,person,0.7887920141220093,175.45708677695276,154.2312041615267,584.0610803756512,479.65454310875526,,,
283,22,0,person,0.7928316593170166,181.2732400070317,154.2306734854385,581.6703589161557,479.6166304395741,,,
284,22,0,person,0.7611129879951477,184.19312763009378,153.7986447928734,579.9919649396825,479.54256358866127,,,
284,27,67,cell phone,0.25945115089416504,93.32893122241404,175.45310651722298,201.86091420346196,362.4909768181633,,,
285,22,0,person,0.800499439239502,185.74596479757574,153.38173081433496,579.1700620205977,479.51696702331054,,,
285,27,67,cell phone,0.5283430814743042,90.87601470741681,166.47497948269418,198.02012281818992,351.93784198194965,,,
286,22,0,person,0.7642484307289124,184.0688147289608,153.82793575966227,578.7867245556702,479.5416065425135,,,
286,27,67,cell phone,0.8205747604370117,87.42794139221155,153.6860682928354,190.943027354342,340.43325532968566,,,
286,31,0,person,0.2582780718803406,62.186553955078125,281.9532470703125,197.61788940429688,479.732421875,,,
287,27,67,cell phone,0.8413039445877075,84.81133445992495,140.68520698770664,185.44594487938681,326.3540783255706,,,
287,29,0,person,0.7476091980934143,106.08260930354297,153.9496636651444,586.2691801149015,479.65099047134834,,,
288,27,67,cell phone,0.8616952300071716,81.90277140010562,126.69550677258098,182.72733300556416,313.19590414958714,,,
288,29,0,person,0.7852874398231506,124.63893238539913,154.13522593421987,586.9456238860835,479.6746294977254,,,
288,31,0,person,0.36573928594589233,61.80400574902191,253.3043697887871,193.4401699870325,479.379876991626,,,
289,22,0,person,0.8446282744407654,170.4104004518888,154.06750751782303,580.8679390588321,479.6608671762166,,,
289,27,67,cell phone,0.9447966814041138,80.91360209525574,114.22480376717418,181.240158394694,297.52665490503864,,,
289,31,0,person,0.420097678899765,59.510009671345315,240.4540367755273,191.05238330127656,479.6972753724737,,,
290,22,0,person,0.8064843416213989,162.95696918327323,154.05243298919342,582.690926388024,479.67983449133476,,,
290,27,67,cell phone,0.9161717891693115,79.40779287587506,107.65236413813135,180.1095274035238,287.89764511166356,,,
291,22,0,person,0.815862774848938,161.04511976841397,154.0341406630418,584.2141854130392,479.70224500232126,,,
291,27,67,cell phone,0.747063398361206,74.88848925016404,98.04492241522469,175.67133014468305,280.12939217826624,,,
292,22,0,person,0.8624531030654907,163.6980705353428,155.07578837072896,584.118102750097,479.7572864233554,,,
292,27,67,cell phone,0.767426609992981,70.71393815172888,90.1827578759663,171.14736509766885,272.60365631983984,,,
293,22,0,person,0.8611143827438354,164.43937691678713,154.78428255435566,584.0147555789097,479.67501597131957,,,
293,27,67,cell phone,0.6011072993278503,65.54957245925792,85.80981196528982,166.8831327129431,268.6577354032397,,,
294,22,0,person,0.8174697160720825,135.81940135799755,154.24893123529006,581.8110959914467,479.6294040344815,,,
294,27,67,cell phone,0.8091081380844116,61.40985640212561,84.20020898341627,164.17311853196838,265.636587250792,,,
295,22,0,person,0.8767984509468079,144.3362949695552,153.18542769722072,585.206729510782,479.57164018682465,,,
295,27,67,cell phone,0.8298733830451965,52.821039419569054,80.05020834726186,154.99532978099083,261.70672368354195,,,
296,22,0,person,0.8723616600036621,147.27746336669557,152.60639910100556,588.4705092607019,479.5785824984699,,,
296,27,67,cell phone,0.8092911839485168,45.751716887495,77.72198988738201,148.46752638123232,257.7907383352429,,,
297,22,0,person,0.879656195640564,151.64681208501952,152.80812226593318,591.1414194420943,479.64332807127096,,,
297,27,67,cell phone,0.8694956302642822,42.33464472341529,76.57322113120384,145.2957405337397,257.7892918590969,,,
298,22,0,person,0.892237663269043,153.3130874782191,152.9987212679717,590.8973762192315,479.6712370319963,,,
298,27,67,cell phone,0.8107480406761169,41.49160266378007,74.56267720968285,143.84635147959312,258.86370153743655,,,
299,22,0,person,0.8809494972229004,153.12739444637205,153.30462937374097,593.588708165605,479.66774662698145,,,
299,27,67,cell phone,0.9084445834159851,41.561013984902985,74.26069084752179,144.15941417290168,258.4989583976765,,,
299,31,0,person,0.25128495693206787,24.146954572388225,200.7497706657691,155.50775332992202,479.577255176094,,,
300,22,0,person,0.8767987489700317,152.6951385745447,152.90509034281246,591.8985599488283,479.59384495176954,,,
300,27,67,cell phone,0.8662418127059937,41.79409466165759,73.57790396012429,144.78148874074267,257.67828217235433,,,
301,22,0,person,0.8691914081573486,152.7834571241076,152.02066587729644,592.5581572226513,479.52962234201163,,,
301,27,67,cell phone,0.8813498020172119,42.19857817798335,72.53616225892037,145.33386526542097,255.71155519828457,,,
302,22,0,person,0.8877825140953064,152.50761042406455,152.02184316268512,592.0065760743516,479.59120440913017,,,
302,27,67,cell phone,0.7896966338157654,43.98621500569919,70.58603515046806,147.54108786452184,252.3090276389042,,,
302,31,0,person,0.37991461157798767,24.99147768260724,192.32606619161217,155.75524648474612,479.44300449868945,,,
303,22,0,person,0.8847903609275818,151.16675508252857,152.5317447611126,591.3784188762617,479.6615952284909,,,
303,27,67,cell phone,0.8099091649055481,44.93888030035959,70.10835665605991,149.3877196209762,251.15526628429893,,,
303,31,0,person,0.2718581557273865,26.528429359391126,191.89269644630613,156.58470574466548,479.48315155332295,,,
304,22,0,person,0.8835513591766357,151.2755314832016,152.71226724212704,591.7087919942906,479.65793188099065,,,
304,27,67,cell phone,0.8310209512710571,45.40116146107096,70.52632236703724,151.8872364361557,252.41849585131243,,,
305,22,0,person,0.8817047476768494,151.4590967396879,152.24584238721485,589.3826436178763,479.6082959012269,,,
305,27,67,cell phone,0.8551601767539978,46.35849015222491,70.99180443490444,154.03519518668804,253.15391282585097,,,
306,22,0,person,0.89030522108078,153.59346048535133,153.03100456691723,588.7293455520584,479.677000862613,,,
306,27,67,cell phone,0.8600369095802307,50.577084169071576,74.12991909628718,158.2474110311406,259.79325932041274,,,
306,31,0,person,0.25062471628189087,31.1499385808458,200.0727381775936,161.55157431421716,479.93620940944754,,,
307,22,0,person,0.8696078658103943,152.94025558833897,151.91010657295132,588.4490630564139,479.55592012453917,,,
307,27,67,cell phone,0.8344479203224182,53.9322135032982,79.55100645293939,163.01078930728448,265.8883697507491,,,
308,22,0,person,0.8715528249740601,156.1503725165046,152.1504653216481,587.8266413412811,479.606805298895,,,
308,27,67,cell phone,0.8449004888534546,57.06062904506615,85.76249025153473,164.66253328610495,272.2503304307129,,,
309,22,0,person,0.8259381651878357,121.94764545694548,152.39421310551566,585.0295683251063,479.6515382847979,,,
309,27,67,cell phone,0.27061566710472107,61.09561663842359,93.77444547199113,167.18341444091027,282.67394787670264,,,
309,31,0,person,0.26074454188346863,38.4625675999001,224.2865595943141,171.10986313443325,480.32408432090676,,,
310,22,0,person,0.8199402093887329,134.82411823268967,152.5354018429748,586.4898174699358,479.6959131631751,,,
310,27,67,cell phone,0.6832151412963867,65.4392169623876,102.86391990312912,169.7719268385001,290.3875067498085,,,
311,22,0,person,0.8281131982803345,149.90266891425534,151.93889085101955,587.00894560091,479.6513208444843,,,
311,27,67,cell phone,0.776843786239624,75.21027693369965,110.53123500795368,179.923987199415,301.4010120576213,,,
312,22,0,person,0.7984522581100464,112.22532762768927,152.5373659538427,582.3098477745497,479.6793515847701,,,
312,27,67,cell phone,0.759630560874939,84.49719028657063,115.8201177030822,191.12097937964927,309.5438743736665,,,
313,22,0,person,0.7602793574333191,72.75173489535968,151.372209165848,585.1843826195225,479.62348732091033,,,
313,27,67,cell phone,0.3219646215438843,100.45283837562367,126.1900434001217,208.6090605530066,318.9038756840755,,,
314,22,0,person,0.7915710210800171,52.61224610631285,150.97752967060975,587.9312395390248,479.66094737093385,,,
314,27,67,cell phone,0.7013090252876282,109.09021264080488,133.30779287725446,222.0459195898779,326.17613285287143,,,
315,22,0,person,0.8740265369415283,62.730381724869346,151.58115990986,599.2581926031646,479.66988985175277,,,
315,27,67,cell phone,0.4089207649230957,122.46882109062878,141.5107003484298,236.20836831144632,334.8435792615133,,,
316,22,0,person,0.8791840672492981,76.58746393828915,152.5205793177661,602.7969327965776,479.72198990463335,,,
316,27,67,cell phone,0.5205675959587097,133.84822362346978,150.1214290000363,248.3841041931977,345.94842804882296,,,
317,22,0,person,0.8881847858428955,91.4679658282596,152.5080744560573,598.7043779531162,479.6492068980018,,,
318,22,0,person,0.8731707334518433,100.89691464471022,152.12024537024382,595.0619844269291,479.6376665533281,,,
318,32,63,laptop,0.31869208812713623,146.828125,151.25814819335938,264.0699157714844,350.7249450683594,,,
319,22,0,person,0.8780295848846436,107.8558744705881,152.36356570900213,589.829409152657,479.05626824483284,,,
319,27,67,cell phone,0.4507683515548706,159.52394886868245,148.9732162189872,275.3124160792635,344.2245611872994,,,
320,22,0,person,0.8783491849899292,112.05550962441109,151.68341924967484,586.1708117244764,478.7318309862704,,,
320,27,67,cell phone,0.398723304271698,166.45608297463434,145.010022307873,280.74871161728544,339.49340494704046,,,
321,22,0,person,0.858552098274231,125.8785524123114,153.06311708081242,591.146114793836,479.4070035692762,,,
321,27,67,cell phone,0.5306271314620972,172.09283202089878,135.85738156658226,288.9152104273749,331.8367657114113,,,
322,22,0,person,0.8576449155807495,136.63415011406087,148.17704471346926,601.6174579450885,478.7246835946645,,,
322,27,67,cell phone,0.4475007951259613,184.19749490389833,127.36833457247377,300.56814955589147,321.50466067098415,,,
323,22,0,person,0.8637386560440063,138.77641562063343,146.55358143128828,596.5468376961205,478.7047130487308,,,
323,27,67,cell phone,0.5285791158676147,192.17069315262532,121.31698756202091,308.24909155972796,314.3112721275566,,,
324,22,0,person,0.8674428462982178,140.16908244753722,147.67708311239832,595.2574440269615,479.1206176446166,,,
324,27,67,cell phone,0.5009236335754395,198.30660580040018,117.93241207977348,312.80183051627336,308.9800866738742,,,
325,22,0,person,0.8354775309562683,139.89510388322992,149.30901295505043,585.1609383645681,478.98445632957066,,,
325,27,67,cell phone,0.5500118732452393,206.48493854913514,112.12156196916388,318.87441953664,302.937339593401,,,
326,22,0,person,0.8614221215248108,145.7760432700148,153.30716973368595,580.4346857938233,479.6742281079282,,,
326,27,67,cell phone,0.9038759469985962,217.85349603648012,109.48264057031858,328.26166448663196,298.2571884108571,,,
327,22,0,person,0.8390618562698364,152.29029649044443,151.3912394748282,577.649140245977,478.8519633983599,,,
327,27,67,cell phone,0.9212855696678162,223.65698345734577,109.9606075940082,334.4537498331739,297.8312581786084,,,
328,22,0,person,0.8350285887718201,165.84429531997944,144.06338301996564,583.6440663722113,479.06248506258737,,,
328,27,67,cell phone,0.9079445004463196,225.7527899884113,114.80803543571017,337.28455667707317,303.4117057865362,,,
329,22,0,person,0.8332134485244751,149.91067598948578,139.7057399108538,587.5274773283719,478.80268667786777,,,
329,27,67,cell phone,0.8586565256118774,223.92970393216999,119.07960096877288,337.0645258219295,309.54343372603466,,,
330,22,0,person,0.8403142094612122,142.31768476055143,147.52509148884664,594.8984631946859,479.6653437284409,,,
330,27,67,cell phone,0.5686708688735962,215.79603826821193,124.82193277174699,328.9833833465431,316.90623306425755,,,
331,22,0,person,0.8491893410682678,137.1462844057437,154.43917871264796,583.1070662972584,479.6606529497517,,,
331,27,67,cell phone,0.4816735088825226,206.43155772297501,127.1143402350102,320.49299073772903,320.5210288725201,,,
332,22,0,person,0.8624082803726196,125.59741549254852,156.51975564499645,586.3206988476114,479.167124110016,,,
332,27,67,cell phone,0.4725779891014099,189.07337911169805,131.80956066171933,305.2817792495865,322.8068623929116,,,
333,22,0,person,0.8445671200752258,119.89782498109136,159.00590501098156,592.5190374649831,479.57110123131895,,,
333,27,67,cell phone,0.6824971437454224,175.5485043934384,132.84615567879263,293.0316914046146,323.75078478832927,,,
334,22,0,person,0.8597621917724609,121.09183447586423,159.94308795036625,598.6001096680773,479.6350917478138,,,
334,27,67,cell phone,0.614232063293457,136.65465266034062,132.13069158963813,274.7000355785269,325.3341910029852,,,
335,22,0,person,0.8258345723152161,99.86545417707939,159.25013023704756,599.884819037783,479.54970007659335,,,
335,27,67,cell phone,0.5639066100120544,136.01761056207357,130.98402848519194,264.6583834367746,321.1782918371832,,,
336,22,0,person,0.8536662459373474,89.10572563489316,158.37659562845232,597.9062112428752,479.54567266469275,,,
336,27,67,cell phone,0.37386634945869446,133.11576159039163,129.61319671930482,254.2777851775641,316.8167975945627,,,
337,22,0,person,0.8167709708213806,76.91266299631604,158.0332976947916,592.6629509384381,479.62771426974825,,,
337,27,67,cell phone,0.8645403981208801,120.14718229838904,126.90396651387096,236.7703244888832,311.9286897233468,,,
338,22,0,person,0.752273678779602,108.55310667362875,158.26430009351913,591.318267674975,479.7071942388624,,,
338,27,67,cell phone,0.8074984550476074,111.73646736686698,124.6827503270921,224.2803988075521,309.4208067054242,,,
339,22,0,person,0.7819343209266663,130.3340455148329,158.39817359069878,589.5650122476484,479.7390646135402,,,
339,27,67,cell phone,0.8362523913383484,104.72956539731194,123.65610313399594,215.34699181216934,305.1400347259038,,,
340,22,0,person,0.8208261728286743,143.50560745330924,158.68547656784415,586.179380467539,479.7527568913305,,,
340,27,67,cell phone,0.795712947845459,93.85804243463512,121.68046276660546,205.11997412095957,301.4160612152792,,,
341,22,0,person,0.8462871313095093,164.36146603331457,158.62270932370777,583.5008307753346,479.72601970470964,,,
341,27,67,cell phone,0.7613296508789062,90.55235007821602,120.95187601625474,201.21079619092092,299.51658564938833,,,
341,33,0,person,0.31521669030189514,68.35481262207031,244.03005981445312,198.7283172607422,479.6301574707031,,,
342,22,0,person,0.8214460015296936,162.49567162647028,158.47172636689976,579.8794193126977,479.7095811643367,,,
342,27,67,cell phone,0.8262603878974915,90.95699127873391,120.09885189072456,201.03354181269023,298.18346131406514,,,
343,22,0,person,0.8605179786682129,168.58573450689698,158.3462120759118,582.8903782578622,479.69962452152913,,,
343,27,67,cell phone,0.8224433660507202,94.44961688934441,118.27605126448829,203.86591081331235,295.59349141268603,,,
343,33,0,person,0.4962691366672516,71.0885550632905,231.07914124740046,198.92416619091088,479.88196696800196,,,
344,22,0,person,0.8567670583724976,171.81174703878852,158.07262355599036,580.4002908964147,479.69233843757,,,
344,27,67,cell phone,0.8162140250205994,97.55436594886422,116.24970786516823,206.77285357809004,292.56427910053685,,,
344,33,0,person,0.43253687024116516,71.46985855761434,225.96702153314175,200.0425292512529,480.0356906583403,,,
